,Median Index,Average Index,"Low Access, High Need","High Access, High Need","Low Need, High Need","High Access, Low Need",chi_value
S1,1.0,0.94,1.0,99.0,10.0,90.0,1.329958316367605e-17
S2,0.5,0.48,80.0,20.0,84.0,16.0,0.012505234119782188
EFAI,0.57,0.54,73.0,27.0,79.0,21.0,0.0017608623489499076
Walk Index,0.39,0.4,89.0,11.0,89.0,11.0,0.6049155161084308
Transit index,0.64,0.61,55.0,45.0,67.0,33.0,2.2700096168912633e-08
Drive index,0.93,0.93,2.0,98.0,3.0,97.0,0.021358970364666024
Bike Index,0.89,0.86,7.0,93.0,19.0,81.0,4.809031888301271e-15
