,Median Index,Average Index,"Low Access, High Need","High Access, High Need","Low Need, High Need","High Access, Low Need",chi_value
S1,1.0,0.89,4.0,96.0,17.0,83.0,6.749602931392378e-24
S2,0.18,0.27,69.0,31.0,80.0,20.0,1.6207045988671145e-09
EFAI,0.32,0.34,60.0,40.0,74.0,26.0,6.559102022338309e-12
Walk Index,0.11,0.21,80.0,20.0,86.0,14.0,2.5378766524784753e-05
Transit index,0.46,0.44,42.0,58.0,61.0,39.0,2.856210018255905e-19
Drive index,0.89,0.88,2.0,98.0,2.0,98.0,0.2613809636821259
Bike Index,0.82,0.76,3.0,97.0,15.0,85.0,1.1864953114736192e-23
