,Median Index,Average Index,"Low Access, High Need","High Access, High Need","Low Need, High Need","High Access, Low Need",chi_value
S1,1.0,0.94,1.0,99.0,10.0,90.0,1.329958316367605e-17
S2,0.5,0.48,35.0,65.0,57.0,43.0,1.0663178934724914e-24
EFAI,0.57,0.54,27.0,73.0,44.0,56.0,6.092840602481955e-16
Walk Index,0.39,0.4,50.0,50.0,68.0,32.0,6.7727247140451544e-18
Transit index,0.64,0.61,16.0,84.0,39.0,61.0,2.2878563366790775e-32
Drive index,0.93,0.93,1.0,99.0,1.0,99.0,1.0
Bike Index,0.89,0.86,2.0,98.0,7.0,93.0,9.801062853272727e-09
