,Median Index,Average Index,"Low Access, High Need","High Access, High Need","Low Need, High Need","High Access, Low Need",chi_value
S1,1.0,0.89,4.0,96.0,17.0,83.0,6.749602931392378e-24
S2,0.18,0.27,98.0,2.0,95.0,5.0,2.424642837152645e-05
EFAI,0.32,0.34,98.0,2.0,93.0,7.0,2.5691519234398033e-08
Walk Index,0.11,0.21,99.0,1.0,97.0,3.0,0.0004477804959560817
Transit index,0.46,0.44,85.0,15.0,82.0,18.0,0.02632020162832494
Drive index,0.89,0.88,4.0,96.0,7.0,93.0,0.010391847010923789
Bike Index,0.82,0.76,28.0,72.0,40.0,60.0,1.0468355957321156e-08
