,Median Index,Average Index,"Q1, High Need","Q2, High Need","Q3, High Need","Q4, High Need","Q1, Low Need","Q2, Low Need","Q3, Low Need","Q4, Low Need",chi_value
S1,1.0,0.94,1.0,0.0,0.0,99.0,10.0,0.0,0.0,90.0,
S2,0.5,0.48,12.0,25.0,48.0,15.0,35.0,26.0,26.0,12.0,0.00041072538296624896
EFAI,0.57,0.54,8.0,22.0,52.0,19.0,24.0,26.0,34.0,17.0,0.006691475656636224
Walk Index,0.39,0.4,24.0,30.0,40.0,7.0,47.0,24.0,20.0,9.0,0.0017916671856288455
Transit index,0.64,0.61,5.0,15.0,43.0,37.0,21.0,21.0,28.0,29.0,0.0018336322709766497
Drive index,0.93,0.93,0.0,1.0,1.0,98.0,0.0,1.0,3.0,96.0,
Bike Index,0.89,0.86,0.0,2.0,9.0,89.0,4.0,3.0,15.0,78.0,0.09268599550247329
