,Median Index,Average Index,"Q1, High Need","Q2, High Need","Q3, High Need","Q4, High Need","Q1, Low Need","Q2, Low Need","Q3, Low Need","Q4, Low Need",chi_value
S1,1.0,0.89,4.0,0.0,0.0,96.0,17.0,0.0,0.0,83.0,
S2,0.18,0.27,47.0,26.0,27.0,1.0,66.0,17.0,13.0,4.0,0.008199868527776818
EFAI,0.32,0.34,36.0,29.0,34.0,1.0,53.0,24.0,19.0,4.0,0.020680889379560502
Walk Index,0.11,0.21,57.0,24.0,18.0,1.0,74.0,13.0,11.0,2.0,0.05757475347368963
Transit index,0.46,0.44,24.0,24.0,43.0,9.0,46.0,19.0,19.0,16.0,0.0003085304806091591
Drive index,0.89,0.88,0.0,1.0,6.0,93.0,1.0,2.0,9.0,88.0,0.5577091861512602
Bike Index,0.82,0.76,2.0,1.0,32.0,65.0,7.0,10.0,31.0,52.0,0.008879768357911186
